entry_id,parl_id,source_id,details,start_date,end_date,amount,source_pdf,source_pagenum
P37_ALBANESE_Anthony_12_21,ALBANESE_Anthony,P37_ALBANESE_Anthony,"Fuel charge 29 Jul 15",2015-07-29,0000-00-00,38.18,P37_ALBANESE_Anthony.pdf,12
P37_ALEXANDER_John_8_3,ALEXANDER_John,P37_ALEXANDER_John,"Melbourne 24 Jul 15",2015-07-24,0000-00-00,272.94,P37_ALEXANDER_John.pdf,8
P37_BACK_Chris_13_11,BACK_Chris,P37_BACK_Chris,"Geraldton 23 Oct to 25 Oct 15",2015-10-23,2015-10-25,166.64,P37_BACK_Chris.pdf,13
P37_BACK_Chris_13_12,BACK_Chris,P37_BACK_Chris,"Albany 14 Nov 15",2015-11-14,0000-00-00,78.15,P37_BACK_Chris.pdf,13
P37_BALDWIN_Bob_11_27,BALDWIN_Bob,P37_BALDWIN_Bob,"Fuel charge 5 Jul 15",2015-07-05,0000-00-00,62.49,P37_BALDWIN_Bob.pdf,11
P37_BALDWIN_Bob_11_28,BALDWIN_Bob,P37_BALDWIN_Bob,"Toll charges (service fee) 5 Jul to 8 Jul 15",2015-07-05,2015-07-08,6.00,P37_BALDWIN_Bob.pdf,11
P37_BALDWIN_Bob_11_29,BALDWIN_Bob,P37_BALDWIN_Bob,"Toll charges 5 Jul to 8 Jul 15",2015-07-05,2015-07-08,10.63,P37_BALDWIN_Bob.pdf,11
P37_BALDWIN_Bob_11_30,BALDWIN_Bob,P37_BALDWIN_Bob,"Melbourne to Sydney 5 Jul to 8 Jul 15",2015-07-05,2015-07-08,513.99,P37_BALDWIN_Bob.pdf,11
P37_BALDWIN_Bob_11_31,BALDWIN_Bob,P37_BALDWIN_Bob,"Fuel charge 7 Jul 15",2015-07-07,0000-00-00,44.88,P37_BALDWIN_Bob.pdf,11
P37_BALDWIN_Bob_11_32,BALDWIN_Bob,P37_BALDWIN_Bob,"Fuel charge 8 Jul 15",2015-07-08,0000-00-00,33.82,P37_BALDWIN_Bob.pdf,11
P37_BALDWIN_Bob_11_33,BALDWIN_Bob,P37_BALDWIN_Bob,"Canberra to Melbourne 4 Aug to 6 Aug 15",2015-08-04,2015-08-06,290.05,P37_BALDWIN_Bob.pdf,11
P37_BALDWIN_Bob_11_34,BALDWIN_Bob,P37_BALDWIN_Bob,"Toll charges 4 Aug to 6 Aug 15",2015-08-04,2015-08-06,7.05,P37_BALDWIN_Bob.pdf,11
P37_BALDWIN_Bob_11_35,BALDWIN_Bob,P37_BALDWIN_Bob,"Fuel charge 9 Sep 15",2015-09-09,0000-00-00,64.55,P37_BALDWIN_Bob.pdf,11
P37_BERNARDI_Cory_9_21,BERNARDI_Cory,P37_BERNARDI_Cory,"Whyalla to Port Lincoln 1 Oct to 2 Oct 15",2015-10-01,2015-10-02,269.82,P37_BERNARDI_Cory.pdf,9
P37_BRANDIS_George_19_3,BRANDIS_George,P37_BRANDIS_George,"Cairns 15 Jul to 16 Jul 15",2015-07-15,2015-07-16,107.90,P37_BRANDIS_George.pdf,19
P37_BRANDIS_George_19_4,BRANDIS_George,P37_BRANDIS_George,"Bundaberg to Rockhampton 22 Jul to 25 Jul 15",2015-07-22,2015-07-25,581.44,P37_BRANDIS_George.pdf,19
P37_BRANDIS_George_19_5,BRANDIS_George,P37_BRANDIS_George,"Townsville 6 Aug to 7 Aug 15",2015-08-06,2015-08-07,173.26,P37_BRANDIS_George.pdf,19
P37_BRIGGS_Jamie_14_3,BRIGGS_Jamie,P37_BRIGGS_Jamie,"Melbourne 22 Jul to 23 Jul 15",2015-07-22,2015-07-23,375.15,P37_BRIGGS_Jamie.pdf,14
P37_BROAD_Andrew_12_16,BROAD_Andrew,P37_BROAD_Andrew,"Canberra 27 Nov to 29 Nov 15",2015-11-27,2015-11-29,172.17,P37_BROAD_Andrew.pdf,12
P37_BROUGH_Mal_11_10,BROUGH_Mal,P37_BROUGH_Mal,"Taxi 20 Aug 15",2015-08-20,0000-00-00,17.96,P37_BROUGH_Mal.pdf,11
P37_BROUGH_Mal_11_11,BROUGH_Mal,P37_BROUGH_Mal,"Taxi 13 Sep 15",2015-09-13,0000-00-00,31.64,P37_BROUGH_Mal.pdf,11
P37_BROUGH_Mal_11_12,BROUGH_Mal,P37_BROUGH_Mal,"Taxi 22 Sep 15",2015-09-22,0000-00-00,19.57,P37_BROUGH_Mal.pdf,11
P37_BROUGH_Mal_11_13,BROUGH_Mal,P37_BROUGH_Mal,"Taxi 22 Sep 15",2015-09-22,0000-00-00,27.65,P37_BROUGH_Mal.pdf,11
P37_BROUGH_Mal_11_14,BROUGH_Mal,P37_BROUGH_Mal,"Taxi 22 Sep 15",2015-09-22,0000-00-00,33.20,P37_BROUGH_Mal.pdf,11
P37_BROUGH_Mal_11_15,BROUGH_Mal,P37_BROUGH_Mal,"Taxi 23 Sep 15",2015-09-23,0000-00-00,21.02,P37_BROUGH_Mal.pdf,11
P37_BROUGH_Mal_11_16,BROUGH_Mal,P37_BROUGH_Mal,"Taxi 28 Sep 15",2015-09-28,0000-00-00,30.07,P37_BROUGH_Mal.pdf,11
P37_BROUGH_Mal_11_17,BROUGH_Mal,P37_BROUGH_Mal,"Taxi 1 Oct 15",2015-10-01,0000-00-00,25.03,P37_BROUGH_Mal.pdf,11
P37_BROUGH_Mal_11_18,BROUGH_Mal,P37_BROUGH_Mal,"Taxi 15 Oct 15",2015-10-15,0000-00-00,26.64,P37_BROUGH_Mal.pdf,11
P37_BROUGH_Mal_11_19,BROUGH_Mal,P37_BROUGH_Mal,"Taxi 20 Oct 15",2015-10-20,0000-00-00,16.55,P37_BROUGH_Mal.pdf,11
P37_BROUGH_Mal_11_20,BROUGH_Mal,P37_BROUGH_Mal,"Taxi 21 Oct 15",2015-10-21,0000-00-00,19.38,P37_BROUGH_Mal.pdf,11
P37_BROUGH_Mal_11_21,BROUGH_Mal,P37_BROUGH_Mal,"Taxi 22 Oct 15",2015-10-22,0000-00-00,26.54,P37_BROUGH_Mal.pdf,11
P37_BROUGH_Mal_11_22,BROUGH_Mal,P37_BROUGH_Mal,"Taxi 26 Oct 15",2015-10-26,0000-00-00,18.87,P37_BROUGH_Mal.pdf,11
P37_BROUGH_Mal_11_23,BROUGH_Mal,P37_BROUGH_Mal,"Taxi 1 Nov 15",2015-11-01,0000-00-00,44.70,P37_BROUGH_Mal.pdf,11
P37_BROUGH_Mal_11_24,BROUGH_Mal,P37_BROUGH_Mal,"Taxi 6 Nov 15",2015-11-06,0000-00-00,26.14,P37_BROUGH_Mal.pdf,11
P37_BROUGH_Mal_11_25,BROUGH_Mal,P37_BROUGH_Mal,"Taxi 8 Nov 15",2015-11-08,0000-00-00,33.60,P37_BROUGH_Mal.pdf,11
P37_BROUGH_Mal_11_26,BROUGH_Mal,P37_BROUGH_Mal,"Taxi 9 Nov 15",2015-11-09,0000-00-00,11.50,P37_BROUGH_Mal.pdf,11
P37_BROUGH_Mal_11_27,BROUGH_Mal,P37_BROUGH_Mal,"Taxi 10 Nov 15",2015-11-10,0000-00-00,20.87,P37_BROUGH_Mal.pdf,11
P37_BROUGH_Mal_11_28,BROUGH_Mal,P37_BROUGH_Mal,"Taxi 15 Nov 15",2015-11-15,0000-00-00,28.05,P37_BROUGH_Mal.pdf,11
P37_BROUGH_Mal_11_29,BROUGH_Mal,P37_BROUGH_Mal,"Taxi 24 Nov 15",2015-11-24,0000-00-00,13.36,P37_BROUGH_Mal.pdf,11
P37_BROUGH_Mal_11_30,BROUGH_Mal,P37_BROUGH_Mal,"Taxi 26 Nov 15",2015-11-26,0000-00-00,15.08,P37_BROUGH_Mal.pdf,11
P37_BROUGH_Mal_11_31,BROUGH_Mal,P37_BROUGH_Mal,"Taxi 4 Dec 15",2015-12-04,0000-00-00,15.71,P37_BROUGH_Mal.pdf,11
P37_BROUGH_Mal_11_8,BROUGH_Mal,P37_BROUGH_Mal,"Taxi 19 Jul 15",2015-07-19,0000-00-00,32.36,P37_BROUGH_Mal.pdf,11
P37_BROUGH_Mal_11_9,BROUGH_Mal,P37_BROUGH_Mal,"Taxi 16 Aug 15",2015-08-16,0000-00-00,32.59,P37_BROUGH_Mal.pdf,11
P37_BROUGH_Mal_22_13,BROUGH_Mal,P37_BROUGH_Mal,"Taxi 25 Jun 15",2015-06-25,0000-00-00,16.45,P37_BROUGH_Mal.pdf,22
P37_BURKE_Tony_18_11,BURKE_Tony,P37_BURKE_Tony,"Reimbursement of taxi 28 Sep 14",2014-09-28,0000-00-00,-210.00,P37_BURKE_Tony.pdf,18
P37_BURKE_Tony_18_12,BURKE_Tony,P37_BURKE_Tony,"Reimbursement of taxi (service fee) 28 Sep 14",2014-09-28,0000-00-00,-23.10,P37_BURKE_Tony.pdf,18
P37_BUTLER_Mark_11_7,BUTLER_Mark,P37_BUTLER_Mark,"Melbourne Airport to Melbourne Airport 21 Sep 15",2015-09-21,0000-00-00,193.27,P37_BUTLER_Mark.pdf,11
P37_BUTLER_Mark_11_8,BUTLER_Mark,P37_BUTLER_Mark,"Coolangatta to Ballina Airport 25 Sep to 26 Sep 15",2015-09-25,2015-09-26,404.68,P37_BUTLER_Mark.pdf,11
P37_CANAVAN_Matthew_14_3,CANAVAN_Matthew,P37_CANAVAN_Matthew,"Toll charge (service fee) 15 Aug 15",2015-08-15,0000-00-00,3.00,P37_CANAVAN_Matthew.pdf,14
P37_CANAVAN_Matthew_14_4,CANAVAN_Matthew,P37_CANAVAN_Matthew,"Toll charge 15 Aug 15",2015-08-15,0000-00-00,13.18,P37_CANAVAN_Matthew.pdf,14
P37_CANAVAN_Matthew_14_5,CANAVAN_Matthew,P37_CANAVAN_Matthew,"Melbourne 15 Aug 15",2015-08-15,0000-00-00,81.50,P37_CANAVAN_Matthew.pdf,14
P37_CHESTERS_Lisa_10_26,CHESTERS_Lisa,P37_CHESTERS_Lisa,"Alice Springs 3 Aug to 4 Aug 15",2015-08-03,2015-08-04,157.05,P37_CHESTERS_Lisa.pdf,10
P37_CHESTERS_Lisa_10_27,CHESTERS_Lisa,P37_CHESTERS_Lisa,"Darwin 4 Aug to 7 Aug 15",2015-08-04,2015-08-07,247.58,P37_CHESTERS_Lisa.pdf,10
P37_CHESTERS_Lisa_10_28,CHESTERS_Lisa,P37_CHESTERS_Lisa,"Ballina Airport 25 Sep to 27 Sep 15",2015-09-25,2015-09-27,157.39,P37_CHESTERS_Lisa.pdf,10
P37_CHESTERS_Lisa_23_11,CHESTERS_Lisa,P37_CHESTERS_Lisa,"Launceston to Hobart 28 Jun to 30 Jun 15",2015-06-28,2015-06-30,112.04,P37_CHESTERS_Lisa.pdf,23
P37_CHRISTENSEN_George_13_10,CHRISTENSEN_George,P37_CHRISTENSEN_George,"Townsville to Mackay 19 Sep to 20 Sep 15",2015-09-19,2015-09-20,233.89,P37_CHRISTENSEN_George.pdf,13
P37_CHRISTENSEN_George_13_11,CHRISTENSEN_George,P37_CHRISTENSEN_George,"Canberra 24 Oct 15",2015-10-24,0000-00-00,77.20,P37_CHRISTENSEN_George.pdf,13
P37_CHRISTENSEN_George_13_12,CHRISTENSEN_George,P37_CHRISTENSEN_George,"Townsville to Mackay 28 Nov to 29 Nov 15",2015-11-28,2015-11-29,211.26,P37_CHRISTENSEN_George.pdf,13
P37_CHRISTENSEN_George_24_17,CHRISTENSEN_George,P37_CHRISTENSEN_George,"Townsville 19 May 15",2015-05-19,0000-00-00,76.90,P37_CHRISTENSEN_George.pdf,24
P37_CHRISTENSEN_George_24_18,CHRISTENSEN_George,P37_CHRISTENSEN_George,"Townsville 23 May 15",2015-05-23,0000-00-00,116.86,P37_CHRISTENSEN_George.pdf,24
P37_CIOBO_Steven_30_9,CIOBO_Steven,P37_CIOBO_Steven,"Sydney 12 Jun 15",2015-06-12,0000-00-00,187.79,P37_CIOBO_Steven.pdf,30
P37_CLARE_Jason_13_35,CLARE_Jason,P37_CLARE_Jason,"Taxi 5 Aug 15",2015-08-05,0000-00-00,35.12,P37_CLARE_Jason.pdf,13
P37_CLARE_Jason_13_36,CLARE_Jason,P37_CLARE_Jason,"Taxi 8 Aug 15",2015-08-08,0000-00-00,57.27,P37_CLARE_Jason.pdf,13
P37_CLARE_Jason_14_3,CLARE_Jason,P37_CLARE_Jason,"Taxi 2 Sep 15",2015-09-02,0000-00-00,12.03,P37_CLARE_Jason.pdf,14
P37_CLARE_Jason_14_4,CLARE_Jason,P37_CLARE_Jason,"Taxi 2 Sep 15",2015-09-02,0000-00-00,11.35,P37_CLARE_Jason.pdf,14
P37_COBB_John_10_28,COBB_John,P37_COBB_John,"Reimbursement of taxi 10 Jul 15",2015-07-10,0000-00-00,-49.00,P37_COBB_John.pdf,10
P37_COBB_John_10_29,COBB_John,P37_COBB_John,"Reimbursement of taxi (service fee) 10 Jul 15",2015-07-10,0000-00-00,-2.70,P37_COBB_John.pdf,10
P37_COBB_John_10_30,COBB_John,P37_COBB_John,"Reimbursement of taxi 10 Jul 15",2015-07-10,0000-00-00,-54.64,P37_COBB_John.pdf,10
P37_COBB_John_10_31,COBB_John,P37_COBB_John,"Reimbursement of taxi (service fee) 10 Jul 15",2015-07-10,0000-00-00,-3.01,P37_COBB_John.pdf,10
P37_COLBECK_Richard_16_10,COLBECK_Richard,P37_COLBECK_Richard,"Melbourne 6 Oct to 7 Oct 15",2015-10-06,2015-10-07,156.90,P37_COLBECK_Richard.pdf,16
P37_COLBECK_Richard_16_9,COLBECK_Richard,P37_COLBECK_Richard,"Melbourne 22 Jul to 23 Jul 15",2015-07-22,2015-07-23,205.28,P37_COLBECK_Richard.pdf,16
P37_COULTON_Mark_10_20,COULTON_Mark,P37_COULTON_Mark,"Dubbo to Tamworth 1 Sep to 2 Sep 15",2015-09-01,2015-09-02,378.86,P37_COULTON_Mark.pdf,10
P37_COULTON_Mark_10_21,COULTON_Mark,P37_COULTON_Mark,"Dubbo to Sydney 18 Oct 15",2015-10-18,0000-00-00,612.05,P37_COULTON_Mark.pdf,10
P37_DASTYARI_Sam_11_31,DASTYARI_Sam,P37_DASTYARI_Sam,"Ballina Airport 26 Sep 15",2015-09-26,0000-00-00,119.11,P37_DASTYARI_Sam.pdf,11
P37_DASTYARI_Sam_19_3,DASTYARI_Sam,P37_DASTYARI_Sam,"Toll charges 1 May to 2 May 15",2015-05-01,2015-05-02,8.51,P37_DASTYARI_Sam.pdf,19
P37_DASTYARI_Sam_19_4,DASTYARI_Sam,P37_DASTYARI_Sam,"Toll charges 1 May to 2 May 15",2015-05-01,2015-05-02,3.00,P37_DASTYARI_Sam.pdf,19
P37_DASTYARI_Sam_19_5,DASTYARI_Sam,P37_DASTYARI_Sam,"Brisbane 1 May to 2 May 15",2015-05-01,2015-05-02,143.45,P37_DASTYARI_Sam.pdf,19
P37_EDWARDS_Sean_23_18,EDWARDS_Sean,P37_EDWARDS_Sean,"Port Lincoln 9 Jun 15",2015-06-09,0000-00-00,100.53,P37_EDWARDS_Sean.pdf,23
P37_EDWARDS_Sean_23_19,EDWARDS_Sean,P37_EDWARDS_Sean,"Reimbursement of taxi (service fee) 28 Jun 15",2015-06-28,0000-00-00,-3.58,P37_EDWARDS_Sean.pdf,23
P37_EDWARDS_Sean_23_20,EDWARDS_Sean,P37_EDWARDS_Sean,"Reimbursement of taxi 28 Jun 15",2015-06-28,0000-00-00,-65.18,P37_EDWARDS_Sean.pdf,23
P37_ENTSCH_Warren_12_25,ENTSCH_Warren,P37_ENTSCH_Warren,"Canberra 14 Aug to 16 Aug 15",2015-08-14,2015-08-16,157.29,P37_ENTSCH_Warren.pdf,12
P37_ENTSCH_Warren_26_18,ENTSCH_Warren,P37_ENTSCH_Warren,"Weipa 29 Apr to 1 May 15",2015-04-29,2015-05-01,195.36,P37_ENTSCH_Warren.pdf,26
P37_ENTSCH_Warren_26_19,ENTSCH_Warren,P37_ENTSCH_Warren,"Thursday Island 18 May to 20 May 15",2015-05-18,2015-05-20,327.27,P37_ENTSCH_Warren.pdf,26
P37_FIFIELD_Mitch_22_12,FIFIELD_Mitch,P37_FIFIELD_Mitch,"Tennant Creek 21 Apr to 22 Apr 15",2015-04-21,2015-04-22,194.03,P37_FIFIELD_Mitch.pdf,22
P37_FLETCHER_Paul_15_8,FLETCHER_Paul,P37_FLETCHER_Paul,"Broken Hill 24 Jul to 25 Jul 15",2015-07-24,2015-07-25,110.67,P37_FLETCHER_Paul.pdf,15
P37_GRAY_Gary_12_36,GRAY_Gary,P37_GRAY_Gary,"Kalgoorlie 7 Jul 15",2015-07-07,0000-00-00,59.49,P37_GRAY_Gary.pdf,12
P37_GRAY_Gary_13_3,GRAY_Gary,P37_GRAY_Gary,"Darwin 24 Aug to 27 Aug 15",2015-08-24,2015-08-27,233.22,P37_GRAY_Gary.pdf,13
P37_GRAY_Gary_13_4,GRAY_Gary,P37_GRAY_Gary,"Kununurra 5 Sep to 6 Sep 15",2015-09-05,2015-09-06,212.60,P37_GRAY_Gary.pdf,13
P37_GRAY_Gary_13_5,GRAY_Gary,P37_GRAY_Gary,"Darwin 8 Nov to 10 Nov 15",2015-11-08,2015-11-10,146.84,P37_GRAY_Gary.pdf,13
P37_GRAY_Gary_25_24,GRAY_Gary,P37_GRAY_Gary,"Darwin 26 May to 28 May 15",2015-05-26,2015-05-28,604.15,P37_GRAY_Gary.pdf,25
P37_GRIFFIN_Alan_21_12,GRIFFIN_Alan,P37_GRIFFIN_Alan,"Albany to Perth 24 Apr 15",2015-04-24,0000-00-00,570.62,P37_GRIFFIN_Alan.pdf,21
P37_HALL_Jill_18_10,HALL_Jill,P37_HALL_Jill,"Toll charge 31 May 15",2015-05-31,0000-00-00,5.89,P37_HALL_Jill.pdf,18
P37_HALL_Jill_18_11,HALL_Jill,P37_HALL_Jill,"Newcastle to Sydney 31 May 15",2015-05-31,0000-00-00,138.89,P37_HALL_Jill.pdf,18
P37_HALL_Jill_18_12,HALL_Jill,P37_HALL_Jill,"Sydney to Newcastle 19 Jun 15",2015-06-19,0000-00-00,213.79,P37_HALL_Jill.pdf,18
P37_HALL_Jill_18_13,HALL_Jill,P37_HALL_Jill,"Toll charge 19 Jun 15",2015-06-19,0000-00-00,2.85,P37_HALL_Jill.pdf,18
P37_HALL_Jill_18_14,HALL_Jill,P37_HALL_Jill,"Newcastle to Sydney 21 Jun 15",2015-06-21,0000-00-00,230.85,P37_HALL_Jill.pdf,18
P37_HALL_Jill_18_8,HALL_Jill,P37_HALL_Jill,"Toll charges 29 May to 31 May 15",2015-05-29,2015-05-31,7.30,P37_HALL_Jill.pdf,18
P37_HALL_Jill_18_9,HALL_Jill,P37_HALL_Jill,"Sydney to Newcastle 29 May to 31 May 15",2015-05-29,2015-05-31,204.48,P37_HALL_Jill.pdf,18
P37_HANSON-YOUNG_Sarah_24_20,HANSON-YOUNG_Sarah,P37_HANSON-YOUNG_Sarah,"Canberra 8 Jun to 10 Jun 15",2015-06-08,2015-06-10,161.55,P37_HANSON-YOUNG_Sarah.pdf,24
P37_HOCKEY_Joe_13_24,HOCKEY_Joe,P37_HOCKEY_Joe,"Taxi 24 Sep 15",2015-09-24,0000-00-00,86.36,P37_HOCKEY_Joe.pdf,13
P37_HOCKEY_Joe_13_25,HOCKEY_Joe,P37_HOCKEY_Joe,"Taxi 24 Sep 15",2015-09-24,0000-00-00,90.91,P37_HOCKEY_Joe.pdf,13
P37_HOWARTH_Luke_8_16,HOWARTH_Luke,P37_HOWARTH_Luke,"Toll charge 13 Nov 15",2015-11-13,0000-00-00,33.00,P37_HOWARTH_Luke.pdf,8
P37_HUSIC_Ed_10_27,HUSIC_Ed,P37_HUSIC_Ed,"Taxi 25 Jul 15",2015-07-25,0000-00-00,13.82,P37_HUSIC_Ed.pdf,10
P37_IRONS_Steve_18_8,IRONS_Steve,P37_IRONS_Steve,"Canberra 19 Jun to 22 Jun 15",2015-06-19,2015-06-22,386.45,P37_IRONS_Steve.pdf,18
P37_KETTER_Chris_14_3,KETTER_Chris,P37_KETTER_Chris,"Rockhampton 18 Jul to 19 Jul 15",2015-07-18,2015-07-19,115.49,P37_KETTER_Chris.pdf,14
P37_KETTER_Chris_14_4,KETTER_Chris,P37_KETTER_Chris,"Reimbursement of hire car costs Rockhampton 18 Jul to 19 Jul 15",2015-07-18,2015-07-19,-115.49,P37_KETTER_Chris.pdf,14
P37_KETTER_Chris_26_27,KETTER_Chris,P37_KETTER_Chris,"Rockhampton 5 Nov to 6 Nov 14",2014-11-05,2014-11-06,-76.78,P37_KETTER_Chris.pdf,26
P37_KETTER_Chris_26_28,KETTER_Chris,P37_KETTER_Chris,"Gladstone 23 Jan 15",2015-01-23,0000-00-00,-79.57,P37_KETTER_Chris.pdf,26
P37_KETTER_Chris_26_29,KETTER_Chris,P37_KETTER_Chris,"Rockhampton 8 Mar 15",2015-03-08,0000-00-00,-72.88,P37_KETTER_Chris.pdf,26
P37_LAMBIE_Jacqui_12_20,LAMBIE_Jacqui,P37_LAMBIE_Jacqui,"Hobart to Devonport 13 Jul to 16 Jul 15",2015-07-13,2015-07-16,244.77,P37_LAMBIE_Jacqui.pdf,12
P37_LAMBIE_Jacqui_22_20,LAMBIE_Jacqui,P37_LAMBIE_Jacqui,"Hervey Bay to Bundaberg 10 Jun to 14 Jun 15",2015-06-10,2015-06-14,732.06,P37_LAMBIE_Jacqui.pdf,22
P37_LAMING_Andrew_21_25,LAMING_Andrew,P37_LAMING_Andrew,"Cairns 19 Jun to 21 Jun 15",2015-06-19,2015-06-21,201.14,P37_LAMING_Andrew.pdf,21
P37_LAMING_Andrew_21_26,LAMING_Andrew,P37_LAMING_Andrew,"Canberra 26 Jun to 29 Jun 15",2015-06-26,2015-06-29,452.98,P37_LAMING_Andrew.pdf,21
P37_LANDRY_Michelle_20_14,LANDRY_Michelle,P37_LANDRY_Michelle,"Mackay 29 May to 30 May 15",2015-05-29,2015-05-30,59.65,P37_LANDRY_Michelle.pdf,20
P37_LEY_Sussan_19_37,LEY_Sussan,P37_LEY_Sussan,"Mildura to Broken Hill 29 Aug to 31 Aug 15",2015-08-29,2015-08-31,636.96,P37_LEY_Sussan.pdf,19
P37_LEY_Sussan_34_14,LEY_Sussan,P37_LEY_Sussan,"Toll charges 19 Feb to 20 Feb 15",2015-02-19,2015-02-20,19.00,P37_LEY_Sussan.pdf,34
P37_LINDGREN_Joanna_10_22,LINDGREN_Joanna,P37_LINDGREN_Joanna,"Gladstone to Biloela 18 Nov 15",2015-11-18,0000-00-00,204.25,P37_LINDGREN_Joanna.pdf,10
P37_LINES_Sue_12_25,LINES_Sue,P37_LINES_Sue,"Geraldton 3 Aug 15",2015-08-03,0000-00-00,83.20,P37_LINES_Sue.pdf,12
P37_LINES_Sue_22_22,LINES_Sue,P37_LINES_Sue,"Toll charges 20 Mar to 23 Mar 15",2015-03-20,2015-03-23,41.13,P37_LINES_Sue.pdf,22
P37_LUDLAM_Scott_13_31,LUDLAM_Scott,P37_LUDLAM_Scott,"Darwin 16 Nov to 18 Nov 15",2015-11-16,2015-11-18,411.30,P37_LUDLAM_Scott.pdf,13
P37_LUDLAM_Scott_13_32,LUDLAM_Scott,P37_LUDLAM_Scott,"Fuel charge 18 Nov 15",2015-11-18,0000-00-00,75.25,P37_LUDLAM_Scott.pdf,13
P37_LUDLAM_Scott_22_18,LUDLAM_Scott,P37_LUDLAM_Scott,"Canberra to Sydney 25 Jun to 27 Jun 15",2015-06-25,2015-06-27,240.77,P37_LUDLAM_Scott.pdf,22
P37_LUDLAM_Scott_22_19,LUDLAM_Scott,P37_LUDLAM_Scott,"Toll charges 25 Jun to 27 Jun 15",2015-06-25,2015-06-27,25.91,P37_LUDLAM_Scott.pdf,22
P37_LUDWIG_Joe_11_26,LUDWIG_Joe,P37_LUDWIG_Joe,"Burnie to Devonport 26 Aug to 27 Aug 15",2015-08-26,2015-08-27,94.70,P37_LUDWIG_Joe.pdf,11
P37_LUDWIG_Joe_20_18,LUDWIG_Joe,P37_LUDWIG_Joe,"Townsville 1 Apr to 3 Apr 14",2014-04-01,2014-04-03,159.88,P37_LUDWIG_Joe.pdf,20
P37_MACDONALD_Ian_12_23,MACDONALD_Ian,P37_MACDONALD_Ian,"Darwin 15 Jul 15",2015-07-15,0000-00-00,183.06,P37_MACDONALD_Ian.pdf,12
P37_MACDONALD_Ian_12_24,MACDONALD_Ian,P37_MACDONALD_Ian,"Canberra 11 Sep to 14 Sep 15",2015-09-11,2015-09-14,315.90,P37_MACDONALD_Ian.pdf,12
P37_MACDONALD_Ian_26_14,MACDONALD_Ian,P37_MACDONALD_Ian,"Brisbane 8 Apr to 10 Apr 15",2015-04-08,2015-04-10,-464.98,P37_MACDONALD_Ian.pdf,26
P37_MACDONALD_Ian_26_15,MACDONALD_Ian,P37_MACDONALD_Ian,"Canberra 29 May to 1 Jun 15",2015-05-29,2015-06-01,337.99,P37_MACDONALD_Ian.pdf,26
P37_MACDONALD_Ian_26_16,MACDONALD_Ian,P37_MACDONALD_Ian,"Cairns 11 Jun 15",2015-06-11,0000-00-00,120.55,P37_MACDONALD_Ian.pdf,26
P37_MACDONALD_Ian_26_17,MACDONALD_Ian,P37_MACDONALD_Ian,"Canberra 19 Jun to 22 Jun 15",2015-06-19,2015-06-22,407.98,P37_MACDONALD_Ian.pdf,26
P37_MACTIERNAN_Alannah_25_12,MACTIERNAN_Alannah,P37_MACTIERNAN_Alannah,"Broome 9 Jun to 10 Jun 15",2015-06-09,2015-06-10,430.40,P37_MACTIERNAN_Alannah.pdf,25
P37_MACTIERNAN_Alannah_25_13,MACTIERNAN_Alannah,P37_MACTIERNAN_Alannah,"Port Hedland to Newman 27 Jun to 28 Jun 15",2015-06-27,2015-06-28,959.59,P37_MACTIERNAN_Alannah.pdf,25
P37_MADIGAN_John_18_10,MADIGAN_John,P37_MADIGAN_John,"Taxi 27 Jun 15",2015-06-27,0000-00-00,6.73,P37_MADIGAN_John.pdf,18
P37_MADIGAN_John_18_11,MADIGAN_John,P37_MADIGAN_John,"Taxi 28 Jun 15",2015-06-28,0000-00-00,13.36,P37_MADIGAN_John.pdf,18
P37_MADIGAN_John_18_12,MADIGAN_John,P37_MADIGAN_John,"Taxi 28 Jun 15",2015-06-28,0000-00-00,10.79,P37_MADIGAN_John.pdf,18
P37_MADIGAN_John_18_13,MADIGAN_John,P37_MADIGAN_John,"Taxi 28 Jun 15",2015-06-28,0000-00-00,52.47,P37_MADIGAN_John.pdf,18
P37_MADIGAN_John_18_8,MADIGAN_John,P37_MADIGAN_John,"Taxi 26 Jun 15",2015-06-26,0000-00-00,51.46,P37_MADIGAN_John.pdf,18
P37_MADIGAN_John_18_9,MADIGAN_John,P37_MADIGAN_John,"Taxi 27 Jun 15",2015-06-27,0000-00-00,9.09,P37_MADIGAN_John.pdf,18
P37_MASON_Brett_8_7,MASON_Brett,P37_MASON_Brett,"Hire car costs 20 Mar to 23 Mar 15",2015-03-20,2015-03-23,34.50,P37_MASON_Brett.pdf,8
P37_MCALLISTER_Jenny_10_29,MCALLISTER_Jenny,P37_MCALLISTER_Jenny,"Taxi 6 Oct 15",2015-10-06,0000-00-00,15.85,P37_MCALLISTER_Jenny.pdf,10
P37_MCALLISTER_Jenny_10_30,MCALLISTER_Jenny,P37_MCALLISTER_Jenny,"Taxi 6 Oct 15",2015-10-06,0000-00-00,19.68,P37_MCALLISTER_Jenny.pdf,10
P37_MCCORMACK_Michael_12_20,MCCORMACK_Michael,P37_MCCORMACK_Michael,"Fuel charge 22 Aug 15",2015-08-22,0000-00-00,11.49,P37_MCCORMACK_Michael.pdf,12
P37_MCCORMACK_Michael_12_21,MCCORMACK_Michael,P37_MCCORMACK_Michael,"Taxi 23 Aug 15",2015-08-23,0000-00-00,12.25,P37_MCCORMACK_Michael.pdf,12
P37_MCCORMACK_Michael_22_8,MCCORMACK_Michael,P37_MCCORMACK_Michael,"Newcastle to Maitland 11 Jun to 12 Jun 15",2015-06-11,2015-06-12,192.36,P37_MCCORMACK_Michael.pdf,22
P37_MCCORMACK_Michael_22_9,MCCORMACK_Michael,P37_MCCORMACK_Michael,"Fuel charge 12 Jun 15",2015-06-12,0000-00-00,17.64,P37_MCCORMACK_Michael.pdf,22
P37_MCGRATH_James_14_32,MCGRATH_James,P37_MCGRATH_James,"Townsville 31 Jul to 3 Aug 15",2015-07-31,2015-08-03,251.59,P37_MCGRATH_James.pdf,14
P37_MCGRATH_James_14_33,MCGRATH_James,P37_MCGRATH_James,"Townsville 6 Aug to 7 Aug 15",2015-08-06,2015-08-07,60.64,P37_MCGRATH_James.pdf,14
P37_MCGRATH_James_14_34,MCGRATH_James,P37_MCGRATH_James,"Rockhampton to Mackay 4 Sep to 5 Sep 15",2015-09-04,2015-09-05,337.90,P37_MCGRATH_James.pdf,14
P37_MCGRATH_James_14_35,MCGRATH_James,P37_MCGRATH_James,"Townsville to Cairns 11 Sep to 13 Sep 15",2015-09-11,2015-09-13,272.23,P37_MCGRATH_James.pdf,14
P37_MCGRATH_James_14_36,MCGRATH_James,P37_MCGRATH_James,"Townsville 26 Oct to 27 Oct 15",2015-10-26,2015-10-27,94.98,P37_MCGRATH_James.pdf,14
P37_MCKENZIE_Bridget_14_22,MCKENZIE_Bridget,P37_MCKENZIE_Bridget,"Warrnambool 25 Aug 15",2015-08-25,0000-00-00,90.35,P37_MCKENZIE_Bridget.pdf,14
P37_MCKENZIE_Bridget_14_23,MCKENZIE_Bridget,P37_MCKENZIE_Bridget,"Albury 1 Sep to 2 Sep 15",2015-09-01,2015-09-02,303.15,P37_MCKENZIE_Bridget.pdf,14
P37_MCKENZIE_Bridget_14_24,MCKENZIE_Bridget,P37_MCKENZIE_Bridget,"Coolangatta to Lismore 29 Sep to 1 Oct 15",2015-09-29,2015-10-01,209.16,P37_MCKENZIE_Bridget.pdf,14
P37_MCKIM_Nick_9_15,MCKIM_Nick,P37_MCKIM_Nick,"Launceston to Hobart 28 Oct 15",2015-10-28,0000-00-00,79.64,P37_MCKIM_Nick.pdf,9
P37_MCLUCAS_Jan_21_26,MCLUCAS_Jan,P37_MCLUCAS_Jan,"Toll charges 3 Feb to 4 Feb 15",2015-02-03,2015-02-04,2.00,P37_MCLUCAS_Jan.pdf,21
P37_MCLUCAS_Jan_21_27,MCLUCAS_Jan,P37_MCLUCAS_Jan,"Toll charges 3 Feb to 4 Feb 15",2015-02-03,2015-02-04,3.00,P37_MCLUCAS_Jan.pdf,21
P37_MOORE_Claire_22_24,MOORE_Claire,P37_MOORE_Claire,"Longreach 1 May to 3 May 15",2015-05-01,2015-05-03,-376.84,P37_MOORE_Claire.pdf,22
P37_NASH_Fiona_13_20,NASH_Fiona,P37_NASH_Fiona,"Kalgoorlie 21 Aug to 23 Aug 15",2015-08-21,2015-08-23,162.35,P37_NASH_Fiona.pdf,13
P37_NASH_Fiona_13_21,NASH_Fiona,P37_NASH_Fiona,"Ballina Airport to Lismore 29 Sep to 1 Oct 15",2015-09-29,2015-10-01,111.38,P37_NASH_Fiona.pdf,13
P37_NASH_Fiona_24_22,NASH_Fiona,P37_NASH_Fiona,"Armidale 1 May to 2 May 15",2015-05-01,2015-05-02,-63.56,P37_NASH_Fiona.pdf,24
P37_O'CONNOR_Brendan_24_26,O'CONNOR_Brendan,P37_O'CONNOR_Brendan,"Reimbursement of taxi (service fee) 18 Jul 14",2014-07-18,0000-00-00,-3.71,P37_O'CONNOR_Brendan.pdf,24
P37_O'CONNOR_Brendan_24_27,O'CONNOR_Brendan,P37_O'CONNOR_Brendan,"Reimbursement of taxi 18 Jul 14",2014-07-18,0000-00-00,-33.73,P37_O'CONNOR_Brendan.pdf,24
P37_O'CONNOR_Brendan_24_28,O'CONNOR_Brendan,P37_O'CONNOR_Brendan,"Reimbursement of taxi (service fee) 6 Aug 14",2014-08-06,0000-00-00,-1.43,P37_O'CONNOR_Brendan.pdf,24
P37_O'CONNOR_Brendan_24_29,O'CONNOR_Brendan,P37_O'CONNOR_Brendan,"Reimbursement of taxi 6 Aug 14",2014-08-06,0000-00-00,-13.00,P37_O'CONNOR_Brendan.pdf,24
P37_O'CONNOR_Brendan_24_30,O'CONNOR_Brendan,P37_O'CONNOR_Brendan,"Reimbursement of taxi 18 Sep 14",2014-09-18,0000-00-00,-8.45,P37_O'CONNOR_Brendan.pdf,24
P37_O'CONNOR_Brendan_24_31,O'CONNOR_Brendan,P37_O'CONNOR_Brendan,"Reimbursement of taxi (service fee) 18 Sep 14",2014-09-18,0000-00-00,-0.93,P37_O'CONNOR_Brendan.pdf,24
P37_O'CONNOR_Brendan_24_32,O'CONNOR_Brendan,P37_O'CONNOR_Brendan,"Reimbursement of taxi (service fee) 2 Oct 14",2014-10-02,0000-00-00,-1.33,P37_O'CONNOR_Brendan.pdf,24
P37_O'CONNOR_Brendan_24_33,O'CONNOR_Brendan,P37_O'CONNOR_Brendan,"Reimbursement of taxi 2 Oct 14",2014-10-02,0000-00-00,-12.13,P37_O'CONNOR_Brendan.pdf,24
P37_O'CONNOR_Brendan_24_34,O'CONNOR_Brendan,P37_O'CONNOR_Brendan,"Reimbursement of taxi (service fee) 21 Oct 14",2014-10-21,0000-00-00,-1.29,P37_O'CONNOR_Brendan.pdf,24
P37_O'CONNOR_Brendan_24_35,O'CONNOR_Brendan,P37_O'CONNOR_Brendan,"Reimbursement of taxi 21 Oct 14",2014-10-21,0000-00-00,-11.73,P37_O'CONNOR_Brendan.pdf,24
P37_O'SULLIVAN_Barry_23_19,O'SULLIVAN_Barry,P37_O'SULLIVAN_Barry,"Reimbursement of taxi 14 Feb 15",2015-02-14,0000-00-00,-12.82,P37_O'SULLIVAN_Barry.pdf,23
P37_O'SULLIVAN_Barry_23_20,O'SULLIVAN_Barry,P37_O'SULLIVAN_Barry,"Reimbursement of taxi (service fee) 14 Feb 15",2015-02-14,0000-00-00,-1.41,P37_O'SULLIVAN_Barry.pdf,23
P37_O'SULLIVAN_Barry_9_33,O'SULLIVAN_Barry,P37_O'SULLIVAN_Barry,"Fuel charge 22 Aug 15",2015-08-22,0000-00-00,17.39,P37_O'SULLIVAN_Barry.pdf,9
P37_PARRY_Stephen_12_35,PARRY_Stephen,P37_PARRY_Stephen,"Launceston 17 Jul to 18 Jul 15",2015-07-17,2015-07-18,127.57,P37_PARRY_Stephen.pdf,12
P37_PASIN_Tony_26_20,PASIN_Tony,P37_PASIN_Tony,"Mount Gambier 30 Mar to 2 Apr 15",2015-03-30,2015-04-02,-311.07,P37_PASIN_Tony.pdf,26
P37_PASIN_Tony_26_21,PASIN_Tony,P37_PASIN_Tony,"Mount Gambier to Adelaide 1 May to 3 May 15",2015-05-01,2015-05-03,-1341.10,P37_PASIN_Tony.pdf,26
P37_PASIN_Tony_26_22,PASIN_Tony,P37_PASIN_Tony,"Mount Gambier 12 Jun to 13 Jun 15",2015-06-12,2015-06-13,99.41,P37_PASIN_Tony.pdf,26
P37_PASIN_Tony_26_23,PASIN_Tony,P37_PASIN_Tony,"Mount Gambier to Adelaide 26 Jun to 27 Jun 15",2015-06-26,2015-06-27,700.44,P37_PASIN_Tony.pdf,26
P37_PERIS_Nova_11_16,PERIS_Nova,P37_PERIS_Nova,"Uluru 17 Jul to 19 Jul 15",2015-07-17,2015-07-19,238.48,P37_PERIS_Nova.pdf,11
P37_PERIS_Nova_11_17,PERIS_Nova,P37_PERIS_Nova,"Gove 4 Sep 15",2015-09-04,0000-00-00,208.68,P37_PERIS_Nova.pdf,11
P37_PERIS_Nova_11_18,PERIS_Nova,P37_PERIS_Nova,"Uluru 25 Oct to 27 Oct 15",2015-10-25,2015-10-27,484.12,P37_PERIS_Nova.pdf,11
P37_PERIS_Nova_11_19,PERIS_Nova,P37_PERIS_Nova,"Alice Springs 25 Oct 15",2015-10-25,0000-00-00,208.66,P37_PERIS_Nova.pdf,11
P37_PERIS_Nova_26_26,PERIS_Nova,P37_PERIS_Nova,"Canberra 23 Jul to 25 Jul 14",2014-07-23,2014-07-25,193.63,P37_PERIS_Nova.pdf,26
P37_PERIS_Nova_26_27,PERIS_Nova,P37_PERIS_Nova,"Refund of hire car costs Canberra 23 Jul to 25 Jul 14",2014-07-23,2014-07-25,-164.31,P37_PERIS_Nova.pdf,26
P37_PERIS_Nova_26_28,PERIS_Nova,P37_PERIS_Nova,"Canberra 23 Aug to 26 Aug 14",2014-08-23,2014-08-26,316.57,P37_PERIS_Nova.pdf,26
P37_PERIS_Nova_26_29,PERIS_Nova,P37_PERIS_Nova,"Refund of hire car costs Canberra 23 Aug to 26 Aug 14",2014-08-23,2014-08-26,-266.82,P37_PERIS_Nova.pdf,26
P37_PERIS_Nova_26_30,PERIS_Nova,P37_PERIS_Nova,"Refund of hire car costs Broome 14 Sep to 20 Sep 14",2014-09-14,2014-09-20,-471.31,P37_PERIS_Nova.pdf,26
P37_PERIS_Nova_26_31,PERIS_Nova,P37_PERIS_Nova,"Alice Springs 10 Jun to 12 Jun 15",2015-06-10,2015-06-12,313.61,P37_PERIS_Nova.pdf,26
P37_PERIS_Nova_26_32,PERIS_Nova,P37_PERIS_Nova,"Uluru 12 Jun to 14 Jun 15",2015-06-12,2015-06-14,372.92,P37_PERIS_Nova.pdf,26
P37_PERIS_Nova_26_33,PERIS_Nova,P37_PERIS_Nova,"Canberra 19 Jun to 22 Jun 15",2015-06-19,2015-06-22,302.39,P37_PERIS_Nova.pdf,26
P37_PRICE_Melissa_11_21,PRICE_Melissa,P37_PRICE_Melissa,"Karratha 25 Sep 15",2015-09-25,0000-00-00,105.09,P37_PRICE_Melissa.pdf,11
P37_PRICE_Melissa_11_22,PRICE_Melissa,P37_PRICE_Melissa,"Broome 29 Sep to 30 Sep 15",2015-09-29,2015-09-30,91.34,P37_PRICE_Melissa.pdf,11
P37_PRICE_Melissa_11_23,PRICE_Melissa,P37_PRICE_Melissa,"Kununurra 16 Nov to 17 Nov 15",2015-11-16,2015-11-17,109.17,P37_PRICE_Melissa.pdf,11
P37_PRICE_Melissa_11_24,PRICE_Melissa,P37_PRICE_Melissa,"Learmonth 20 Nov to 21 Nov 15",2015-11-20,2015-11-21,289.53,P37_PRICE_Melissa.pdf,11
P37_PRICE_Melissa_24_24,PRICE_Melissa,P37_PRICE_Melissa,"Paraburdoo 1 May to 4 May 15",2015-05-01,2015-05-04,475.07,P37_PRICE_Melissa.pdf,24
P37_PRICE_Melissa_24_25,PRICE_Melissa,P37_PRICE_Melissa,"Broome 19 May to 21 May 15",2015-05-19,2015-05-21,251.60,P37_PRICE_Melissa.pdf,24
P37_PRICE_Melissa_24_26,PRICE_Melissa,P37_PRICE_Melissa,"Kununurra 22 May to 24 May 15",2015-05-22,2015-05-24,249.90,P37_PRICE_Melissa.pdf,24
P37_PRICE_Melissa_24_27,PRICE_Melissa,P37_PRICE_Melissa,"Broome 9 Jun to 10 Jun 15",2015-06-09,2015-06-10,68.13,P37_PRICE_Melissa.pdf,24
P37_PRICE_Melissa_24_28,PRICE_Melissa,P37_PRICE_Melissa,"Broome 12 Jun 15",2015-06-12,0000-00-00,98.47,P37_PRICE_Melissa.pdf,24
P37_RAMSEY_Rowan_11_31,RAMSEY_Rowan,P37_RAMSEY_Rowan,"Taxi 31 Jul 15",2015-07-31,0000-00-00,13.64,P37_RAMSEY_Rowan.pdf,11
P37_RAMSEY_Rowan_11_32,RAMSEY_Rowan,P37_RAMSEY_Rowan,"Fuel charge 31 Jul 15",2015-07-31,0000-00-00,34.58,P37_RAMSEY_Rowan.pdf,11
P37_RAMSEY_Rowan_11_33,RAMSEY_Rowan,P37_RAMSEY_Rowan,"Fuel charge 4 Sep 15",2015-09-04,0000-00-00,9.84,P37_RAMSEY_Rowan.pdf,11
P37_RAMSEY_Rowan_11_34,RAMSEY_Rowan,P37_RAMSEY_Rowan,"Taxi 18 Sep 15",2015-09-18,0000-00-00,13.09,P37_RAMSEY_Rowan.pdf,11
P37_REYNOLDS_Linda_19_23,REYNOLDS_Linda,P37_REYNOLDS_Linda,"Canberra 28 Feb to 2 Mar 15",2015-02-28,2015-03-02,280.88,P37_REYNOLDS_Linda.pdf,19
P37_REYNOLDS_Linda_19_24,REYNOLDS_Linda,P37_REYNOLDS_Linda,"Toll charges 28 Feb to 2 Mar 15",2015-02-28,2015-03-02,44.43,P37_REYNOLDS_Linda.pdf,19
P37_RHIANNON_Lee_17_3,RHIANNON_Lee,P37_RHIANNON_Lee,"Dubbo 29 Jun to 30 Jun 15",2015-06-29,2015-06-30,98.33,P37_RHIANNON_Lee.pdf,17
P37_RHIANNON_Lee_17_4,RHIANNON_Lee,P37_RHIANNON_Lee,"Dubbo 30 Jun to 1 Jul 15",2015-06-30,2015-07-01,98.33,P37_RHIANNON_Lee.pdf,17
P37_RHIANNON_Lee_8_24,RHIANNON_Lee,P37_RHIANNON_Lee,"Taxi 24 Jul 15",2015-07-24,0000-00-00,49.25,P37_RHIANNON_Lee.pdf,8
P37_RHIANNON_Lee_8_25,RHIANNON_Lee,P37_RHIANNON_Lee,"Taxi 30 Jul 15",2015-07-30,0000-00-00,23.10,P37_RHIANNON_Lee.pdf,8
P37_RHIANNON_Lee_8_26,RHIANNON_Lee,P37_RHIANNON_Lee,"Merimbula 4 Oct to 6 Oct 15",2015-10-04,2015-10-06,151.14,P37_RHIANNON_Lee.pdf,8
P37_RHIANNON_Lee_8_27,RHIANNON_Lee,P37_RHIANNON_Lee,"Taxi 6 Nov 15",2015-11-06,0000-00-00,22.31,P37_RHIANNON_Lee.pdf,8
P37_RHIANNON_Lee_8_28,RHIANNON_Lee,P37_RHIANNON_Lee,"Taxi 6 Nov 15",2015-11-06,0000-00-00,26.45,P37_RHIANNON_Lee.pdf,8
P37_RHIANNON_Lee_8_29,RHIANNON_Lee,P37_RHIANNON_Lee,"Fuel charges Tamworth 7 Nov 15",2015-11-07,0000-00-00,9.79,P37_RHIANNON_Lee.pdf,8
P37_RICE_Janet_11_30,RICE_Janet,P37_RICE_Janet,"Perth 20 Sep to 23 Sep 15",2015-09-20,2015-09-23,353.72,P37_RICE_Janet.pdf,11
P37_RICE_Janet_20_12,RICE_Janet,P37_RICE_Janet,"Melbourne to Canberra 30 Apr to 6 May 15",2015-04-30,2015-05-06,21.55,P37_RICE_Janet.pdf,20
P37_ROBERT_Stuart_15_10,ROBERT_Stuart,P37_ROBERT_Stuart,"Taxi 21 Sep 15",2015-09-21,0000-00-00,72.65,P37_ROBERT_Stuart.pdf,15
P37_RONALDSON_Michael_13_31,RONALDSON_Michael,P37_RONALDSON_Michael,"Taxi 9 Oct 15",2015-10-09,0000-00-00,154.55,P37_RONALDSON_Michael.pdf,13
P37_RONALDSON_Michael_13_32,RONALDSON_Michael,P37_RONALDSON_Michael,"Taxi 11 Oct 15",2015-10-11,0000-00-00,154.55,P37_RONALDSON_Michael.pdf,13
P37_RONALDSON_Michael_13_33,RONALDSON_Michael,P37_RONALDSON_Michael,"Taxi 16 Oct 15",2015-10-16,0000-00-00,154.55,P37_RONALDSON_Michael.pdf,13
P37_RONALDSON_Michael_13_34,RONALDSON_Michael,P37_RONALDSON_Michael,"Taxi 18 Oct 15",2015-10-18,0000-00-00,154.55,P37_RONALDSON_Michael.pdf,13
P37_ROWLAND_Michelle_11_32,ROWLAND_Michelle,P37_ROWLAND_Michelle,"Taxi 23 Jul 15",2015-07-23,0000-00-00,66.91,P37_ROWLAND_Michelle.pdf,11
P37_ROWLAND_Michelle_11_33,ROWLAND_Michelle,P37_ROWLAND_Michelle,"Perth 3 Sep to 6 Sep 15",2015-09-03,2015-09-06,126.97,P37_ROWLAND_Michelle.pdf,11
P37_ROWLAND_Michelle_11_34,ROWLAND_Michelle,P37_ROWLAND_Michelle,"Fuel charge 6 Sep 15",2015-09-06,0000-00-00,29.93,P37_ROWLAND_Michelle.pdf,11
P37_RUDDOCK_Philip_24_13,RUDDOCK_Philip,P37_RUDDOCK_Philip,"Reimbursement of hire car costs Cairns 22 Dec to 28 Dec 14",2014-12-22,2014-12-28,-591.82,P37_RUDDOCK_Philip.pdf,24
P37_RYAN_Scott_12_19,RYAN_Scott,P37_RYAN_Scott,"Toll charges 21 Aug to 23 Aug 15",2015-08-21,2015-08-23,7.85,P37_RYAN_Scott.pdf,12
P37_RYAN_Scott_12_20,RYAN_Scott,P37_RYAN_Scott,"Toll charges (service fee) 21 Aug to 23 Aug 15",2015-08-21,2015-08-23,6.00,P37_RYAN_Scott.pdf,12
P37_RYAN_Scott_12_21,RYAN_Scott,P37_RYAN_Scott,"Brisbane 21 Aug to 23 Aug 15",2015-08-21,2015-08-23,165.79,P37_RYAN_Scott.pdf,12
P37_SCOTT_Bruce_26_17,SCOTT_Bruce,P37_SCOTT_Bruce,"Longreach 10 Jun to 11 Jun 15",2015-06-10,2015-06-11,99.58,P37_SCOTT_Bruce.pdf,26
P37_SCULLION_Nigel_18_7,SCULLION_Nigel,P37_SCULLION_Nigel,"Alice Springs 18 Sep to 20 Sep 15",2015-09-18,2015-09-20,403.27,P37_SCULLION_Nigel.pdf,18
P37_SCULLION_Nigel_30_26,SCULLION_Nigel,P37_SCULLION_Nigel,"Cairns 18 May to 21 May 15",2015-05-18,2015-05-21,399.92,P37_SCULLION_Nigel.pdf,30
P37_SCULLION_Nigel_30_27,SCULLION_Nigel,P37_SCULLION_Nigel,"Coolangatta 11 Jun to 14 Jun 15",2015-06-11,2015-06-14,388.53,P37_SCULLION_Nigel.pdf,30
P37_SIEWERT_Rachel_12_16,SIEWERT_Rachel,P37_SIEWERT_Rachel,"Port Hedland 13 Jul to 14 Jul 15",2015-07-13,2015-07-14,174.17,P37_SIEWERT_Rachel.pdf,12
P37_SIEWERT_Rachel_12_17,SIEWERT_Rachel,P37_SIEWERT_Rachel,"Alice Springs 30 Jul to 31 Jul 15",2015-07-30,2015-07-31,136.47,P37_SIEWERT_Rachel.pdf,12
P37_SIEWERT_Rachel_23_17,SIEWERT_Rachel,P37_SIEWERT_Rachel,"Broome 9 Jun to 10 Jun 15",2015-06-09,2015-06-10,66.99,P37_SIEWERT_Rachel.pdf,23
P37_SMITH_Dean_14_10,SMITH_Dean,P37_SMITH_Dean,"Geraldton 2 Sep 15",2015-09-02,0000-00-00,91.19,P37_SMITH_Dean.pdf,14
P37_SMITH_Dean_14_11,SMITH_Dean,P37_SMITH_Dean,"Kununurra to Broome 4 Oct to 7 Oct 15",2015-10-04,2015-10-07,1251.20,P37_SMITH_Dean.pdf,14
P37_SMITH_Dean_14_12,SMITH_Dean,P37_SMITH_Dean,"Fuel charge 5 Oct 15",2015-10-05,0000-00-00,65.59,P37_SMITH_Dean.pdf,14
P37_SMITH_Dean_14_13,SMITH_Dean,P37_SMITH_Dean,"Fuel charge 7 Oct 15",2015-10-07,0000-00-00,60.30,P37_SMITH_Dean.pdf,14
P37_SMITH_Dean_14_8,SMITH_Dean,P37_SMITH_Dean,"Canberra 15 Aug to 17 Aug 15",2015-08-15,2015-08-17,206.66,P37_SMITH_Dean.pdf,14
P37_SMITH_Dean_14_9,SMITH_Dean,P37_SMITH_Dean,"Esperance 1 Sep 15",2015-09-01,0000-00-00,104.39,P37_SMITH_Dean.pdf,14
P37_SMITH_Dean_26_25,SMITH_Dean,P37_SMITH_Dean,"Toll charge 20 Mar to 23 Mar 15",2015-03-20,2015-03-23,47.66,P37_SMITH_Dean.pdf,26
P37_SMITH_Dean_26_26,SMITH_Dean,P37_SMITH_Dean,"Fuel charge 28 Apr 15",2015-04-28,0000-00-00,87.26,P37_SMITH_Dean.pdf,26
P37_SMITH_Dean_26_27,SMITH_Dean,P37_SMITH_Dean,"Fuel charge 29 Apr 15",2015-04-29,0000-00-00,77.35,P37_SMITH_Dean.pdf,26
P37_SMITH_Dean_26_28,SMITH_Dean,P37_SMITH_Dean,"Canberra 29 May to 1 Jun 15",2015-05-29,2015-06-01,286.12,P37_SMITH_Dean.pdf,26
P37_SNOWDON_Warren_13_33,SNOWDON_Warren,P37_SNOWDON_Warren,"Broome 12 Aug to 13 Aug 15",2015-08-12,2015-08-13,68.13,P37_SNOWDON_Warren.pdf,13
P37_SNOWDON_Warren_13_34,SNOWDON_Warren,P37_SNOWDON_Warren,"Darwin 14 Aug to 16 Aug 15",2015-08-14,2015-08-16,179.71,P37_SNOWDON_Warren.pdf,13
P37_SNOWDON_Warren_13_35,SNOWDON_Warren,P37_SNOWDON_Warren,"Melbourne 18 Sep to 19 Sep 15",2015-09-18,2015-09-19,80.32,P37_SNOWDON_Warren.pdf,13
P37_SNOWDON_Warren_13_36,SNOWDON_Warren,P37_SNOWDON_Warren,"Darwin 21 Sep to 23 Sep 15",2015-09-21,2015-09-23,206.20,P37_SNOWDON_Warren.pdf,13
P37_SNOWDON_Warren_14_3,SNOWDON_Warren,P37_SNOWDON_Warren,"Coolangatta 25 Sep to 27 Sep 15",2015-09-25,2015-09-27,245.91,P37_SNOWDON_Warren.pdf,14
P37_SNOWDON_Warren_14_4,SNOWDON_Warren,P37_SNOWDON_Warren,"Uluru 25 Oct to 26 Oct 15",2015-10-25,2015-10-26,189.20,P37_SNOWDON_Warren.pdf,14
P37_SNOWDON_Warren_14_5,SNOWDON_Warren,P37_SNOWDON_Warren,"Toll charge (service fee) 14 Nov 15",2015-11-14,0000-00-00,3.00,P37_SNOWDON_Warren.pdf,14
P37_SNOWDON_Warren_14_6,SNOWDON_Warren,P37_SNOWDON_Warren,"Toll charge 14 Nov 15",2015-11-14,0000-00-00,4.11,P37_SNOWDON_Warren.pdf,14
P37_SNOWDON_Warren_14_7,SNOWDON_Warren,P37_SNOWDON_Warren,"Melbourne 14 Nov to 15 Nov 15",2015-11-14,2015-11-15,1634.66,P37_SNOWDON_Warren.pdf,14
P37_SNOWDON_Warren_26_3,SNOWDON_Warren,P37_SNOWDON_Warren,"Darwin 5 Jun to 7 Jun 15",2015-06-05,2015-06-07,181.27,P37_SNOWDON_Warren.pdf,26
P37_SNOWDON_Warren_26_4,SNOWDON_Warren,P37_SNOWDON_Warren,"Broome 9 Jun to 10 Jun 15",2015-06-09,2015-06-10,158.86,P37_SNOWDON_Warren.pdf,26
P37_SNOWDON_Warren_26_5,SNOWDON_Warren,P37_SNOWDON_Warren,"Perth 28 Jun to 29 Jun 15",2015-06-28,2015-06-29,59.65,P37_SNOWDON_Warren.pdf,26
P37_STERLE_Glenn_12_19,STERLE_Glenn,P37_STERLE_Glenn,"Kununurra 5 Sep to 6 Sep 15",2015-09-05,2015-09-06,354.30,P37_STERLE_Glenn.pdf,12
P37_STERLE_Glenn_21_16,STERLE_Glenn,P37_STERLE_Glenn,"Broome 29 Jun to 30 Jun 15",2015-06-29,2015-06-30,92.97,P37_STERLE_Glenn.pdf,21
P37_THOMSON_Kelvin_8_24,THOMSON_Kelvin,P37_THOMSON_Kelvin,"Burnie to Devonport 26 Aug to 27 Aug 15",2015-08-26,2015-08-27,127.47,P37_THOMSON_Kelvin.pdf,8
P37_TUDGE_Alan_11_22,TUDGE_Alan,P37_TUDGE_Alan,"Kununurra 21 Aug to 22 Aug 15",2015-08-21,2015-08-22,359.43,P37_TUDGE_Alan.pdf,11
P37_TUDGE_Alan_11_23,TUDGE_Alan,P37_TUDGE_Alan,"Cairns 22 Sep to 24 Sep 15",2015-09-22,2015-09-24,143.75,P37_TUDGE_Alan.pdf,11
P37_URQUHART_Anne_11_23,URQUHART_Anne,P37_URQUHART_Anne,"Devonport to Hobart 7 Aug to 9 Aug 15",2015-08-07,2015-08-09,276.26,P37_URQUHART_Anne.pdf,11
P37_URQUHART_Anne_11_24,URQUHART_Anne,P37_URQUHART_Anne,"Hobart to Devonport 5 Nov to 7 Nov 15",2015-11-05,2015-11-07,222.42,P37_URQUHART_Anne.pdf,11
P37_URQUHART_Anne_23_13,URQUHART_Anne,P37_URQUHART_Anne,"Launceston to Devonport 20 May 15",2015-05-20,0000-00-00,118.50,P37_URQUHART_Anne.pdf,23
P37_WHISH-WILSON_Peter_22_26,WHISH-WILSON_Peter,P37_WHISH-WILSON_Peter,"Canberra 19 Mar to 23 Mar 15",2015-03-19,2015-03-23,295.60,P37_WHISH-WILSON_Peter.pdf,22
P37_WHITELEY_Brett_22_13,WHITELEY_Brett,P37_WHITELEY_Brett,"King Island 30 Jun 15",2015-06-30,0000-00-00,115.86,P37_WHITELEY_Brett.pdf,22
P37_WHITELEY_Brett_9_3,WHITELEY_Brett,P37_WHITELEY_Brett,"Devonport to Hobart 4 Sep to 6 Sep 15",2015-09-04,2015-09-06,341.51,P37_WHITELEY_Brett.pdf,9
P37_WILLIAMS_John_25_17,WILLIAMS_John,P37_WILLIAMS_John,"Adelaide 5 Jun to 8 Jun 15",2015-06-05,2015-06-08,530.44,P37_WILLIAMS_John.pdf,25
P37_WILSON_Rick_10_22,WILSON_Rick,P37_WILSON_Rick,"Kalgoorlie 5 Jul to 8 Jul 15",2015-07-05,2015-07-08,208.85,P37_WILSON_Rick.pdf,10
P37_WILSON_Rick_10_23,WILSON_Rick,P37_WILSON_Rick,"Esperance 16 Jul 15",2015-07-16,0000-00-00,76.07,P37_WILSON_Rick.pdf,10
P37_WILSON_Rick_10_24,WILSON_Rick,P37_WILSON_Rick,"Kalgoorlie 5 Aug to 7 Aug 15",2015-08-05,2015-08-07,156.19,P37_WILSON_Rick.pdf,10
P37_WILSON_Rick_10_25,WILSON_Rick,P37_WILSON_Rick,"Esperance 21 Aug 15",2015-08-21,0000-00-00,96.45,P37_WILSON_Rick.pdf,10
P37_WILSON_Rick_10_26,WILSON_Rick,P37_WILSON_Rick,"Kalgoorlie 20 Sep 15",2015-09-20,0000-00-00,69.61,P37_WILSON_Rick.pdf,10
P37_WILSON_Rick_10_27,WILSON_Rick,P37_WILSON_Rick,"Kalgoorlie 26 Sep to 27 Sep 15",2015-09-26,2015-09-27,66.53,P37_WILSON_Rick.pdf,10
P37_WILSON_Rick_10_28,WILSON_Rick,P37_WILSON_Rick,"Esperance 16 Oct to 18 Oct 15",2015-10-16,2015-10-18,166.64,P37_WILSON_Rick.pdf,10
P37_WILSON_Rick_10_29,WILSON_Rick,P37_WILSON_Rick,"Albany 19 Nov to 21 Nov 15",2015-11-19,2015-11-21,264.75,P37_WILSON_Rick.pdf,10
P37_WILSON_Rick_27_17,WILSON_Rick,P37_WILSON_Rick,"Esperance to Kalgoorlie 17 Jun to 19 Jun 15",2015-06-17,2015-06-19,669.65,P37_WILSON_Rick.pdf,27
P37_WOOD_Jason_10_3,WOOD_Jason,P37_WOOD_Jason,"Taxi 13 Oct 15",2015-10-13,0000-00-00,254.55,P37_WOOD_Jason.pdf,10
P37_WOOD_Jason_10_4,WOOD_Jason,P37_WOOD_Jason,"Taxi 21 Oct 15",2015-10-21,0000-00-00,36.94,P37_WOOD_Jason.pdf,10
P37_WOOD_Jason_21_3,WOOD_Jason,P37_WOOD_Jason,"Taxi 14 Jun 15",2015-06-14,0000-00-00,233.09,P37_WOOD_Jason.pdf,21
P37_WOOD_Jason_21_4,WOOD_Jason,P37_WOOD_Jason,"Taxi 18 Jun 15",2015-06-18,0000-00-00,240.36,P37_WOOD_Jason.pdf,21
P37_WOOD_Jason_21_5,WOOD_Jason,P37_WOOD_Jason,"Taxi 21 Jun 15",2015-06-21,0000-00-00,233.09,P37_WOOD_Jason.pdf,21
P37_WOOD_Jason_21_6,WOOD_Jason,P37_WOOD_Jason,"Taxi 25 Jun 15",2015-06-25,0000-00-00,96.36,P37_WOOD_Jason.pdf,21
P37_WOOD_Jason_9_22,WOOD_Jason,P37_WOOD_Jason,"Taxi 14 Jul 15",2015-07-14,0000-00-00,402.91,P37_WOOD_Jason.pdf,9
P37_WOOD_Jason_9_23,WOOD_Jason,P37_WOOD_Jason,"Reimbursement of taxi 14 Jul 15",2015-07-14,0000-00-00,-402.91,P37_WOOD_Jason.pdf,9
P37_WOOD_Jason_9_24,WOOD_Jason,P37_WOOD_Jason,"Taxi 20 Jul 15",2015-07-20,0000-00-00,410.18,P37_WOOD_Jason.pdf,9
P37_WOOD_Jason_9_25,WOOD_Jason,P37_WOOD_Jason,"Reimbursement of taxi 20 Jul 15",2015-07-20,0000-00-00,-410.18,P37_WOOD_Jason.pdf,9
P37_WOOD_Jason_9_26,WOOD_Jason,P37_WOOD_Jason,"Taxi 9 Aug 15",2015-08-09,0000-00-00,227.27,P37_WOOD_Jason.pdf,9
P37_WOOD_Jason_9_27,WOOD_Jason,P37_WOOD_Jason,"Taxi 13 Aug 15",2015-08-13,0000-00-00,230.91,P37_WOOD_Jason.pdf,9
P37_WOOD_Jason_9_28,WOOD_Jason,P37_WOOD_Jason,"Taxi 16 Aug 15",2015-08-16,0000-00-00,227.27,P37_WOOD_Jason.pdf,9
P37_WOOD_Jason_9_29,WOOD_Jason,P37_WOOD_Jason,"Taxi 20 Aug 15",2015-08-20,0000-00-00,230.91,P37_WOOD_Jason.pdf,9
P37_WOOD_Jason_9_30,WOOD_Jason,P37_WOOD_Jason,"Taxi 6 Sep 15",2015-09-06,0000-00-00,227.27,P37_WOOD_Jason.pdf,9
P37_WOOD_Jason_9_31,WOOD_Jason,P37_WOOD_Jason,"Taxi 12 Sep 15",2015-09-12,0000-00-00,255.45,P37_WOOD_Jason.pdf,9
P37_WOOD_Jason_9_32,WOOD_Jason,P37_WOOD_Jason,"Taxi 13 Sep 15",2015-09-13,0000-00-00,227.27,P37_WOOD_Jason.pdf,9
P37_WOOD_Jason_9_33,WOOD_Jason,P37_WOOD_Jason,"Taxi 17 Sep 15",2015-09-17,0000-00-00,234.55,P37_WOOD_Jason.pdf,9
P37_WRIGHT_Penny_10_35,WRIGHT_Penny,P37_WRIGHT_Penny,"Albury 10 Jul to 12 Jul 15",2015-07-10,2015-07-12,119.96,P37_WRIGHT_Penny.pdf,10
P37_WRIGHT_Penny_10_36,WRIGHT_Penny,P37_WRIGHT_Penny,"Port Augusta 28 Jul 15",2015-07-28,0000-00-00,86.64,P37_WRIGHT_Penny.pdf,10
P37_WRIGHT_Penny_11_3,WRIGHT_Penny,P37_WRIGHT_Penny,"Kingscote 1 Sep to 2 Sep 15",2015-09-01,2015-09-02,307.37,P37_WRIGHT_Penny.pdf,11
P37_XENOPHON_Nick_19_9,XENOPHON_Nick,P37_XENOPHON_Nick,"Canberra 19 Apr to 21 Apr 15",2015-04-19,2015-04-21,169.16,P37_XENOPHON_Nick.pdf,19
